{
    "name": "mq-source",
    "config":
    {
        "connector.class": "com.ibm.eventstreams.connect.mqsource.MQSourceConnector",
        "tasks.max": "1",
        "topic": "<TOPIC>",

        "key.converter": "org.apache.kafka.connect.storage.StringConverter",
        "value.converter": "org.apache.kafka.connect.storage.StringConverter",

        "mq.queue.manager": "<QUEUE_MANAGER>",
        "mq.connection.name.list": "<CONNECTION_NAME_LIST>",
        "mq.channel.name": "<CHANNEL_NAME>",
        "mq.queue": "<QUEUE>",
        "mq.record.builder": "com.ibm.eventstreams.connect.mqsource.builders.DefaultRecordBuilder"
    }
}
